{
  "matched_iou_mean": {
    "mean": 0.23160148221854854,
    "median": 0.2196749823439556,
    "std": 0.08612574597164166,
    "min": 0.06984554976224899,
    "max": 0.6630798280239105,
    "n": 200
  },
  "per_source_mse": {
    "mean": 2.6211263762453045e-05,
    "median": 1.639329586093178e-05,
    "std": 3.109615309944126e-05,
    "min": 4.965412472301978e-06,
    "max": 0.0002051403498626314,
    "n": 200
  },
  "flux_relative_error": {
    "mean": 1.0731362366140593,
    "median": 0.5668688167366098,
    "std": 1.343813175527873,
    "min": 0.10993912788482128,
    "max": 8.119048213837612,
    "n": 200
  },
  "diffuse_flux_fraction": {
    "mean": 0.00544748256791076,
    "median": 0.0015702411918068503,
    "std": 0.007719435595416868,
    "min": 0.0,
    "max": 0.0364423353718325,
    "n": 200
  },
  "n_pred": {
    "mean": 3.69,
    "median": 3.0,
    "std": 1.5178603361310947,
    "min": 1.0,
    "max": 8.0,
    "n": 200
  },
  "n_gt": {
    "mean": 3.445,
    "median": 3.0,
    "std": 1.1031658986752626,
    "min": 2.0,
    "max": 5.0,
    "n": 200
  },
  "n_cubes": 200,
  "seeds": "meanshift",
  "split": "test",
  "checkpoint": "/mnt/home/alahiry/repos/IFU-Source-ID/experiments/segment_v5/train/last.pt",
  "elapsed_sec": 475.64616298675537
}