{
  "per_slot_mse": {
    "mean": 1.726030875630613e-06,
    "median": 1.357504743282334e-06,
    "std": 1.2055809547732173e-06,
    "min": 3.431505319895223e-07,
    "max": 1.2622092981473543e-05,
    "n": 1000
  },
  "flux_relative_error": {
    "mean": 0.10959126668050885,
    "median": 0.10356562957167625,
    "std": 0.05400666089151556,
    "min": 0.009747801348567009,
    "max": 0.4490300714969635,
    "n": 1000
  },
  "residual_energy": {
    "mean": 4.0905437333919124e-19,
    "median": 3.1480877234164634e-19,
    "std": 3.780126510325625e-19,
    "min": 2.796904446194925e-23,
    "max": 2.441073266960845e-18,
    "n": 1000
  },
  "residual_fraction_of_input": {
    "mean": 1.1602379416730246e-15,
    "median": 1.0942009519693567e-15,
    "std": 8.770581971191004e-16,
    "min": 1.3789873580128642e-19,
    "max": 4.34428387861556e-15,
    "n": 1000
  },
  "mean_peak_distance_px": {
    "mean": 16.796388659774756,
    "median": 17.81117164774594,
    "std": 5.321627501372545,
    "min": 1.4142135623730951,
    "max": 29.2066374533738,
    "n": 1000
  },
  "n_cubes": 1000,
  "split": "test",
  "checkpoint": "/mnt/home/alahiry/repos/IFU-Source-ID/experiments/separation_v4/train/best.pt",
  "data": "data/all_cubes",
  "elapsed_sec": 81.58374905586243
}