{
  "per_slot_mse": {
    "mean": 2.1670222110259373e-07,
    "median": 1.4748757592997208e-07,
    "std": 2.1968560947526268e-07,
    "min": 2.0163472669310067e-08,
    "max": 1.9823824004561175e-06,
    "n": 1000
  },
  "flux_relative_error": {
    "mean": 0.030661737787304445,
    "median": 0.025299512781202793,
    "std": 0.021528238189833106,
    "min": 0.0007465505041182041,
    "max": 0.151394322514534,
    "n": 1000
  },
  "residual_energy": {
    "mean": 1.7545021450488037e-18,
    "median": 1.5607270681020434e-18,
    "std": 9.333442036257432e-19,
    "min": 3.9124154048655614e-19,
    "max": 5.790902044123472e-18,
    "n": 1000
  },
  "residual_fraction_of_input": {
    "mean": 5.12819313726422e-15,
    "median": 5.038574964942108e-15,
    "std": 1.3253454762597398e-15,
    "min": 2.785904608114541e-15,
    "max": 8.461320044788323e-15,
    "n": 1000
  },
  "mean_peak_distance_px": {
    "mean": 21.793240100008394,
    "median": 21.475139313801947,
    "std": 8.560438319392274,
    "min": 2.8284271247461903,
    "max": 47.46532201788787,
    "n": 1000
  },
  "n_cubes": 1000,
  "split": "test",
  "checkpoint": "/mnt/home/alahiry/repos/IFU-Source-ID/experiments/separation_v1/train/best.pt",
  "data": "data/all_cubes",
  "elapsed_sec": 80.06042122840881
}