{
  "matched_iou_mean": {
    "mean": 0.3711515886243045,
    "median": 0.3414716844757398,
    "std": 0.15103017308792177,
    "min": 0.10861477007468541,
    "max": 0.8823362588882446,
    "n": 200
  },
  "per_source_mse": {
    "mean": 2.628524684751217e-05,
    "median": 1.5607248087690095e-05,
    "std": 3.705145146244183e-05,
    "min": 3.200374067091616e-06,
    "max": 0.00026592451467877254,
    "n": 200
  },
  "flux_relative_error": {
    "mean": 1.1127909008952472,
    "median": 0.5446951342079653,
    "std": 1.8199809159717273,
    "min": 0.0005519467493356669,
    "max": 10.694722223006988,
    "n": 200
  },
  "diffuse_flux_fraction": {
    "mean": 0.006933212857601123,
    "median": 0.00366337592652509,
    "std": 0.008367847348089513,
    "min": 0.0,
    "max": 0.04568454310819516,
    "n": 200
  },
  "n_pred": {
    "mean": 2.835,
    "median": 3.0,
    "std": 1.0944290749061814,
    "min": 1.0,
    "max": 6.0,
    "n": 200
  },
  "n_gt": {
    "mean": 3.425,
    "median": 3.0,
    "std": 1.1199888392301058,
    "min": 2.0,
    "max": 5.0,
    "n": 200
  },
  "n_cubes": 200,
  "seeds": "meanshift",
  "split": "test",
  "checkpoint": "/Users/arnablahiry/repos/GalCubeCraft-SourceID/experiments/segment_v2/train/best.pt",
  "elapsed_sec": 872.9078178405762
}