{
  "per_slot_mse": {
    "mean": 1.8962004287459421e-06,
    "median": 9.933063438438694e-07,
    "std": 5.972197870995378e-06,
    "min": 2.5595514330234437e-07,
    "max": 7.19389136065729e-05,
    "n": 200
  },
  "flux_relative_error": {
    "mean": 0.32832929546013473,
    "median": 0.24330003559589386,
    "std": 0.25525384769183845,
    "min": 0.03767617791891098,
    "max": 1.1411654949188232,
    "n": 200
  },
  "residual_energy": {
    "mean": 0.00010237665444492449,
    "median": 5.7518909670761786e-05,
    "std": 0.00014561376489501132,
    "min": 1.305605564994039e-05,
    "max": 0.001087533193640411,
    "n": 200
  },
  "residual_fraction_of_input": {
    "mean": 0.2616828985736397,
    "median": 0.1986438087119457,
    "std": 0.18271455454116325,
    "min": 0.05962309277789433,
    "max": 0.8888291849709048,
    "n": 200
  },
  "mean_peak_distance_px": {
    "mean": 22.62361813403696,
    "median": 22.311525048015422,
    "std": 8.406602970858346,
    "min": 5.742640687119285,
    "max": 43.642510805304525,
    "n": 200
  },
  "n_cubes": 200,
  "split": "test",
  "checkpoint": "/Users/arnablahiry/repos/GalCubeCraft-SourceID/experiments/extract_v1/train/best.pt",
  "data": "experiments/sep_v1/data",
  "elapsed_sec": 760.9851677417755
}