{
  "per_slot_mse": {
    "mean": 3.685858001034603e-07,
    "median": 2.464260120405015e-07,
    "std": 3.243420259165002e-07,
    "min": 5.8445500883408386e-08,
    "max": 1.6871921388883493e-06,
    "n": 200
  },
  "flux_relative_error": {
    "mean": 0.04893546439358033,
    "median": 0.038099538534879684,
    "std": 0.03904165281940296,
    "min": 0.002600395120680332,
    "max": 0.2768919765949249,
    "n": 200
  },
  "residual_energy": {
    "mean": 1.6074902281282899e-18,
    "median": 1.409448503666801e-18,
    "std": 7.670149518616785e-19,
    "min": 4.695191928160977e-19,
    "max": 5.426788719006205e-18,
    "n": 200
  },
  "residual_fraction_of_input": {
    "mean": 4.7397632258333e-15,
    "median": 4.760407234628145e-15,
    "std": 4.0490155236905535e-16,
    "min": 3.864202900261397e-15,
    "max": 5.737255676292186e-15,
    "n": 200
  },
  "mean_peak_distance_px": {
    "mean": 21.648722198353315,
    "median": 20.958045881304994,
    "std": 7.746100063413869,
    "min": 6.439584885479847,
    "max": 39.947814205760444,
    "n": 200
  },
  "n_cubes": 200,
  "split": "test",
  "checkpoint": "/Users/arnablahiry/repos/GalCubeCraft-SourceID/experiments/sep_v4_mask/train/best.pt",
  "data": "experiments/sep_v1/data",
  "elapsed_sec": 37.76194214820862
}