{
  "matched_iou_mean": {
    "mean": 0.32567577017503696,
    "median": 0.3110164419437448,
    "std": 0.1476970296148167,
    "min": 0.0968097448348999,
    "max": 0.8591648936271667,
    "n": 200
  },
  "per_source_mse": {
    "mean": 4.4390481004067326e-05,
    "median": 2.5526944000375806e-05,
    "std": 7.009981942833364e-05,
    "min": 3.976480911660474e-06,
    "max": 0.00053210741316434,
    "n": 200
  },
  "flux_relative_error": {
    "mean": 1.23454318332139,
    "median": 0.6408598288065384,
    "std": 1.843046531104515,
    "min": 0.007619402827036044,
    "max": 10.761557276049743,
    "n": 200
  },
  "diffuse_flux_fraction": {
    "mean": 0.004651245788364581,
    "median": 0.0,
    "std": 0.008411373510370348,
    "min": 0.0,
    "max": 0.051769945056619394,
    "n": 200
  },
  "n_pred": {
    "mean": 2.07,
    "median": 2.0,
    "std": 0.8456358554366058,
    "min": 1.0,
    "max": 5.0,
    "n": 200
  },
  "n_gt": {
    "mean": 3.425,
    "median": 3.0,
    "std": 1.1199888392301058,
    "min": 2.0,
    "max": 5.0,
    "n": 200
  },
  "n_cubes": 200,
  "seeds": "meanshift",
  "split": "test",
  "checkpoint": "/Users/arnablahiry/repos/GalCubeCraft-SourceID/experiments/segment_v3/train/last.pt",
  "elapsed_sec": 782.8160347938538
}