{
  "matched_iou_mean": {
    "mean": 0.3233822370556009,
    "median": 0.2902586149672667,
    "std": 0.1709653367954004,
    "min": 0.09159887582063675,
    "max": 0.8709110021591187,
    "n": 200
  },
  "per_source_mse": {
    "mean": 3.857389981004644e-05,
    "median": 2.3165468064689776e-05,
    "std": 5.006507415699079e-05,
    "min": 3.277991027061944e-06,
    "max": 0.0003382294707989786,
    "n": 200
  },
  "flux_relative_error": {
    "mean": 1.219712054422071,
    "median": 0.6157302580092736,
    "std": 1.834302807558469,
    "min": 0.0009510952153038131,
    "max": 10.717401290799346,
    "n": 200
  },
  "diffuse_flux_fraction": {
    "mean": 0.007411274443123851,
    "median": 0.0,
    "std": 0.0115608316077753,
    "min": 0.0,
    "max": 0.05747133118445209,
    "n": 200
  },
  "n_pred": {
    "mean": 2.145,
    "median": 2.0,
    "std": 0.956020397271941,
    "min": 1.0,
    "max": 5.0,
    "n": 200
  },
  "n_gt": {
    "mean": 3.425,
    "median": 3.0,
    "std": 1.1199888392301058,
    "min": 2.0,
    "max": 5.0,
    "n": 200
  },
  "n_cubes": 200,
  "seeds": "meanshift",
  "split": "test",
  "checkpoint": "/Users/arnablahiry/repos/GalCubeCraft-SourceID/experiments/segment_v3/train/last.pt",
  "elapsed_sec": 736.5406284332275
}