{
  "per_slot_mse": {
    "mean": 0.0021971728569478727,
    "median": 0.002010756987147033,
    "std": 0.0008288345765636466,
    "min": 0.0009044655016623437,
    "max": 0.00438756262883544,
    "n": 1000
  },
  "flux_relative_error": {
    "mean": 17.5529699819088,
    "median": 16.02811908721924,
    "std": 9.343946746989081,
    "min": 3.900076150894165,
    "max": 56.60418701171875,
    "n": 1000
  },
  "residual_energy": {
    "mean": 0.034644519184250384,
    "median": 0.03168816864490509,
    "std": 0.013808971681996813,
    "min": 0.005351339001208544,
    "max": 0.07198446244001389,
    "n": 1000
  },
  "residual_fraction_of_input": {
    "mean": 117.31949304651796,
    "median": 109.60869529468187,
    "std": 56.25492701769011,
    "min": 15.288203170210926,
    "max": 340.3388255671285,
    "n": 1000
  },
  "mean_peak_distance_px": {
    "mean": 21.141076990989845,
    "median": 20.363400261503337,
    "std": 8.711286110491672,
    "min": 2.2655644370746373,
    "max": 48.47267227624228,
    "n": 1000
  },
  "n_cubes": 1000,
  "split": "test",
  "checkpoint": "/mnt/home/alahiry/repos/IFU-Source-ID/experiments/separation_v5/train/best.pt",
  "data": "data/all_cubes",
  "elapsed_sec": 85.75728821754456
}