{
  "matched_iou_mean": {
    "mean": 0.2755410895801809,
    "median": 0.2684051590040326,
    "std": 0.09241179990274817,
    "min": 0.07403408363461494,
    "max": 0.6211202144622803,
    "n": 200
  },
  "per_source_mse": {
    "mean": 2.7590488647613633e-05,
    "median": 1.7971105648939556e-05,
    "std": 3.1322525942496656e-05,
    "min": 3.084243417106336e-06,
    "max": 0.0001825809376896359,
    "n": 200
  },
  "flux_relative_error": {
    "mean": 1.086764658088378,
    "median": 0.5891752176276721,
    "std": 1.6580804649563614,
    "min": 0.0003984346050328215,
    "max": 10.694722497069696,
    "n": 200
  },
  "diffuse_flux_fraction": {
    "mean": 0.006851241946066125,
    "median": 0.002966577864820924,
    "std": 0.008452961511880653,
    "min": 0.0,
    "max": 0.03830328269236708,
    "n": 200
  },
  "n_pred": {
    "mean": 2.77,
    "median": 3.0,
    "std": 1.2950289572052047,
    "min": 1.0,
    "max": 7.0,
    "n": 200
  },
  "n_gt": {
    "mean": 3.425,
    "median": 3.0,
    "std": 1.1199888392301058,
    "min": 2.0,
    "max": 5.0,
    "n": 200
  },
  "n_cubes": 200,
  "seeds": "meanshift",
  "split": "test",
  "checkpoint": "/Users/arnablahiry/repos/GalCubeCraft-SourceID/experiments/segment_v1/train/best.pt",
  "elapsed_sec": 234.16279411315918
}