{
  "matched_iou_mean": {
    "mean": 0.3480181300451901,
    "median": 0.32751041278243065,
    "std": 0.16663045331225254,
    "min": 0.09291047602891922,
    "max": 0.8817318081855774,
    "n": 200
  },
  "per_source_mse": {
    "mean": 5.4464755308458734e-05,
    "median": 3.0025244996068068e-05,
    "std": 8.409487065926235e-05,
    "min": 3.111602154604043e-06,
    "max": 0.0006771315820515156,
    "n": 200
  },
  "flux_relative_error": {
    "mean": 1.2522121050277035,
    "median": 0.6408599452058292,
    "std": 1.8508115455034733,
    "min": 0.0022725197235713,
    "max": 10.761555989781296,
    "n": 200
  },
  "diffuse_flux_fraction": {
    "mean": 0.006711741217861207,
    "median": 0.0,
    "std": 0.011237469302686437,
    "min": 0.0,
    "max": 0.06373121832698352,
    "n": 200
  },
  "n_pred": {
    "mean": 1.585,
    "median": 1.0,
    "std": 0.6728855771971933,
    "min": 1.0,
    "max": 4.0,
    "n": 200
  },
  "n_gt": {
    "mean": 3.425,
    "median": 3.0,
    "std": 1.1199888392301058,
    "min": 2.0,
    "max": 5.0,
    "n": 200
  },
  "n_cubes": 200,
  "seeds": "meanshift",
  "split": "test",
  "checkpoint": "/Users/arnablahiry/repos/GalCubeCraft-SourceID/experiments/segment_v3/train/last.pt",
  "elapsed_sec": 845.3390429019928
}