{
  "matched_iou_mean": {
    "mean": 0.3233598793700027,
    "median": 0.30454859510064125,
    "std": 0.16226531398015354,
    "min": 0.0926366460820039,
    "max": 0.8617657423019409,
    "n": 200
  },
  "per_source_mse": {
    "mean": 4.716257456150666e-05,
    "median": 2.6603382442165945e-05,
    "std": 6.801693778222454e-05,
    "min": 3.875551101373276e-06,
    "max": 0.0005320985583239235,
    "n": 200
  },
  "flux_relative_error": {
    "mean": 1.2500509266321758,
    "median": 0.6368702048223391,
    "std": 1.8481413437161143,
    "min": 0.00463388632489746,
    "max": 10.71740147386214,
    "n": 200
  },
  "diffuse_flux_fraction": {
    "mean": 0.005181660277336647,
    "median": 0.0,
    "std": 0.01003999795813576,
    "min": 0.0,
    "max": 0.05340184733963939,
    "n": 200
  },
  "n_pred": {
    "mean": 1.925,
    "median": 2.0,
    "std": 0.8540345426269361,
    "min": 1.0,
    "max": 5.0,
    "n": 200
  },
  "n_gt": {
    "mean": 3.425,
    "median": 3.0,
    "std": 1.1199888392301058,
    "min": 2.0,
    "max": 5.0,
    "n": 200
  },
  "n_cubes": 200,
  "seeds": "meanshift",
  "split": "test",
  "checkpoint": "/Users/arnablahiry/repos/GalCubeCraft-SourceID/experiments/segment_v3/train/last.pt",
  "elapsed_sec": 804.8377542495728
}