{
  "per_slot_mse": {
    "mean": 1.3860971977237569e-06,
    "median": 1.1498854632918665e-06,
    "std": 7.927642733090708e-07,
    "min": 3.614905210724828e-07,
    "max": 6.4877444856392685e-06,
    "n": 1000
  },
  "flux_relative_error": {
    "mean": 0.20048035748302936,
    "median": 0.18262068182229996,
    "std": 0.0883909529606765,
    "min": 0.04748488590121269,
    "max": 0.8499624729156494,
    "n": 1000
  },
  "residual_energy": {
    "mean": 1.4033550494827401e-18,
    "median": 1.239108854484981e-18,
    "std": 7.840126203349512e-19,
    "min": 2.730508209388942e-19,
    "max": 4.641195025339587e-18,
    "n": 1000
  },
  "residual_fraction_of_input": {
    "mean": 4.073745593811918e-15,
    "median": 4.078600858754112e-15,
    "std": 1.1502877023239848e-15,
    "min": 1.983995760140023e-15,
    "max": 6.8317106874076995e-15,
    "n": 1000
  },
  "mean_peak_distance_px": {
    "mean": 16.389928726910096,
    "median": 16.03377257862561,
    "std": 8.545176059998642,
    "min": 1.0,
    "max": 47.981663065369,
    "n": 1000
  },
  "n_cubes": 1000,
  "split": "test",
  "checkpoint": "/mnt/home/alahiry/repos/IFU-Source-ID/experiments/separation_v2/train/best.pt",
  "data": "data/all_cubes",
  "elapsed_sec": 90.68690347671509
}